{"cameraMode":{"drawMode":0,"name":"Shaded","section":"Shading Mode"},"sceneLighting":true,"audioPlay":false,"sceneViewState":{"m_AlwaysRefresh":false,"showFog":true,"showSkybox":true,"showFlares":true,"showImageEffects":true,"showParticleSystems":true,"showVisualEffectGraphs":true,"m_FxEnabled":true},"in2DMode":false,"pivot":{"x":1.736071952428836e-13,"y":0.3701828122138977,"z":-5.098282814025879},"rotation":{"x":-0.40735480189323428,"y":-0.14608104526996613,"z":0.06623798608779907,"w":-0.8991316556930542},"size":1.3535147905349732,"orthographic":false}