{"cameraMode":{"drawMode":0,"name":"Shaded","section":"Shading Mode"},"sceneLighting":true,"audioPlay":false,"sceneViewState":{"m_AlwaysRefresh":false,"showFog":true,"showSkybox":true,"showFlares":true,"showImageEffects":true,"showParticleSystems":true,"showVisualEffectGraphs":true,"m_FxEnabled":true},"in2DMode":false,"pivot":{"x":3.598361015319824,"y":-0.06507015228271485,"z":-0.2971010208129883},"rotation":{"x":-0.44198912382125857,"y":0.08271875232458115,"z":-0.04092171788215637,"w":-0.892317533493042},"size":7.071069717407227,"orthographic":false}